{
  "autoplayTransitionDelay" : 5,
  "author" : "",
  "timestamp" : "2018-41-31 14:5:6",
  "loopSlideshow" : 0,
  "filename" : "PR - Lesson Slides.key",
  "autoplayBuildDelay" : 2,
  "comment" : "",
  "title" : "PR - Lesson Slides.key",
  "showMode" : 0,
  "creator" : "Apple Keynote 8.0.1",
  "slideList" : [
    "D4FD1CD7-BB0B-4C9A-92CA-98ECC6718CDC",
    "652A430D-2791-4E84-B3C3-327E4B1A292C",
    "ADD06D12-3541-460C-8BFE-F0393AE89588",
    "14E74C5A-6D18-4ABF-88B8-E06D8E02F22A",
    "7AB4354E-6CE7-4ECA-8F3E-BE6F8DB38C89",
    "9A59359C-883A-4094-B352-CAB013AD7EB3",
    "F8B9890B-01DB-404C-9E3B-4BE3E7ECAFC4",
    "6BC9DD7A-3854-4102-BEAB-B9F5C2DDEF36",
    "626B595E-A9FA-451C-A5CE-6D221EB8B7F8",
    "DE827C4A-0399-40AB-92E9-F59E9C1592FA",
    "9A58065F-89AA-494F-95D7-67727FADA236",
    "479AA79A-7CF4-457F-8283-21F2F859D403",
    "A8C28ABE-DBE6-4719-854B-2FF8CFE79010",
    "15434023-018D-49E3-9204-9F3AA6B46488",
    "12AFEFE7-2E52-4B57-B5FA-EA79AE7EB59C",
    "6C6CDA24-6795-4EC9-8475-E24418CE1239",
    "0950207D-7B64-4840-AB2B-F24D5DDEB9D7",
    "6E2D4194-9485-450F-ADD5-3289A6D0F537",
    "18DDDB3F-9CAD-470D-AB60-02A4102B6C2B",
    "69668F8F-D749-48DB-BCD3-AFD79F00648B",
    "4790E867-D505-43C7-999D-507401F39CAF",
    "80E5CED2-1C5E-4D3E-8CA1-FCE6E119A063",
    "4DC8760D-E7DE-4B53-B713-3C539CFAF4AC",
    "BDCE107C-7E3A-4F2C-990B-DD03782AB08D",
    "0A3136F7-0096-45E9-9A4F-F58612736D07",
    "1B962781-FE91-4354-BC40-3B25111CD555",
    "1BBB51FC-0D60-41D2-9910-ADCA280BE99E",
    "D6E3B08A-B33F-46B1-ADEE-8EA2D061CFA8",
    "EAB3A2B1-766D-4D5B-99E5-58731A8BC068",
    "7252EED9-19A6-451E-A2E2-843AD8106D6F",
    "4D34CBC1-41A0-44F3-9D8F-38287CC8024A",
    "17DAA9FE-312A-4989-9BBE-35B7F6947F3E",
    "BED6E8EF-3E29-43CE-9448-97FF2B0522EA",
    "5141C461-3C92-4FEB-B57A-482157629E2B"
  ],
  "soundtrack" : {
    "mode" : 0,
    "volume" : 1
  },
  "slideWidth" : 1024,
  "slideHeight" : 768,
  "slideCount" : 34,
  "majorVersion" : 1,
  "minorVersion" : 2,
  "fonts" : [
    "GillSans-Light",
    "HelveticaNeue",
    "Helvetica",
    "GillSans-Bold"
  ]
}