{
  "assets" : {
    "FCF867767C06A749861CE1509732D262" : {
      "type" : "texture",
      "index" : 3,
      "assetRequest" : {
        "type" : "slide",
        "state" : "contents",
        "slide" : "none"
      },
      "url" : {
        "native" : "assets\/A8C28ABE-DBE6-4719-854B-2FF8CFE79010.pdf"
      },
      "width" : 472,
      "height" : 418
    },
    "06CA5B72B0D7583A10C2568527B540A1" : {
      "type" : "texture",
      "index" : 2,
      "assetRequest" : {
        "type" : "slide",
        "state" : "contents",
        "slide" : "none"
      },
      "url" : {
        "native" : "assets\/A8C28ABE-DBE6-4719-854B-2FF8CFE79010.pdf"
      },
      "width" : 475,
      "height" : 53
    },
    "FF56EE91B6B7BAC4E317D3FACC75291A" : {
      "type" : "texture",
      "index" : 0,
      "assetRequest" : {
        "type" : "slide",
        "state" : "contents",
        "slide" : "none"
      },
      "url" : {
        "native" : "assets\/A8C28ABE-DBE6-4719-854B-2FF8CFE79010.pdf"
      },
      "width" : 1024,
      "height" : 768
    },
    "068C4E37265DE1BA081D1EA5A8034485" : {
      "type" : "texture",
      "index" : 1,
      "assetRequest" : {
        "type" : "slide",
        "state" : "contents",
        "slide" : "none"
      },
      "url" : {
        "native" : "assets\/A8C28ABE-DBE6-4719-854B-2FF8CFE79010.pdf"
      },
      "width" : 971,
      "height" : 549
    }
  },
  "events" : [
    {
      "effects" : [
        {
          "beginTime" : 0,
          "baseLayer" : {
            "animations" : [

            ],
            "initialState" : {
              "affineTransform" : [
                1,
                0,
                0,
                1,
                0,
                0
              ],
              "masksToBounds" : false,
              "rotation" : 0,
              "scale" : 1,
              "position" : {
                "pointX" : 512,
                "pointY" : 384
              },
              "width" : 1024,
              "sublayerTransform" : [
                1,
                0,
                0,
                0,
                0,
                1,
                0,
                0,
                0,
                0,
                1,
                0,
                0,
                0,
                0,
                1
              ],
              "contentsRect" : {
                "y" : 0,
                "x" : 0,
                "width" : 1,
                "height" : 1
              },
              "opacity" : 1,
              "edgeAntialiasingMask" : 251658240,
              "height" : 768,
              "hidden" : false,
              "anchorPoint" : {
                "pointX" : 0.5,
                "pointY" : 0.5
              }
            },
            "objectID" : "0",
            "layers" : [
              {
                "animations" : [

                ],
                "initialState" : {
                  "affineTransform" : [
                    1,
                    0,
                    0,
                    1,
                    0,
                    0
                  ],
                  "masksToBounds" : false,
                  "rotation" : 0,
                  "scale" : 1,
                  "position" : {
                    "pointX" : 512,
                    "pointY" : 384
                  },
                  "width" : 1024,
                  "sublayerTransform" : [
                    1,
                    0,
                    0,
                    0,
                    0,
                    1,
                    0,
                    0,
                    0,
                    0,
                    1,
                    -0.00049229876906403734,
                    0,
                    0,
                    0,
                    1
                  ],
                  "contentsRect" : {
                    "y" : 0,
                    "x" : 0,
                    "width" : 1,
                    "height" : 1
                  },
                  "opacity" : 1,
                  "edgeAntialiasingMask" : 251658240,
                  "height" : 768,
                  "hidden" : false,
                  "anchorPoint" : {
                    "pointX" : 0.5,
                    "pointY" : 0.5
                  }
                },
                "layers" : [
                  {
                    "animations" : [
                      {
                        "timeOffset" : 0,
                        "beginTime" : 0,
                        "repeatCount" : 0,
                        "animations" : [
                          {
                            "timeOffset" : 0,
                            "from" : {
                              "scalar" : 0
                            },
                            "beginTime" : 0,
                            "repeatCount" : 0,
                            "fillMode" : "both",
                            "duration" : 2,
                            "autoreverses" : false,
                            "timingFunction" : "EaseInEaseOut",
                            "property" : "zPosition",
                            "to" : {
                              "scalar" : 0
                            }
                          }
                        ],
                        "fillMode" : "both",
                        "autoreverses" : false,
                        "duration" : 2
                      }
                    ],
                    "initialState" : {
                      "affineTransform" : [
                        1,
                        0,
                        0,
                        1,
                        0,
                        0
                      ],
                      "masksToBounds" : false,
                      "rotation" : 0,
                      "scale" : 1,
                      "position" : {
                        "pointX" : 512,
                        "pointY" : 384
                      },
                      "width" : 1024,
                      "sublayerTransform" : [
                        1,
                        0,
                        0,
                        0,
                        0,
                        1,
                        0,
                        0,
                        0,
                        0,
                        1,
                        0,
                        0,
                        0,
                        0,
                        1
                      ],
                      "contentsRect" : {
                        "y" : 0,
                        "x" : 0,
                        "width" : 1,
                        "height" : 1
                      },
                      "opacity" : 1,
                      "edgeAntialiasingMask" : 251658240,
                      "height" : 768,
                      "hidden" : false,
                      "anchorPoint" : {
                        "pointX" : 0.5,
                        "pointY" : 0.5
                      }
                    },
                    "layers" : [
                      {
                        "animations" : [

                        ],
                        "layers" : [

                        ],
                        "texturedRectangle" : {
                          "isBackgroundTexture" : true,
                          "singleTextureOpacity" : 1,
                          "textureType" : 1,
                          "textBaseline" : 0,
                          "textXHeight" : 0,
                          "isVerticalText" : false
                        },
                        "initialState" : {
                          "affineTransform" : [
                            1,
                            0,
                            0,
                            1,
                            0,
                            0
                          ],
                          "masksToBounds" : false,
                          "rotation" : 0,
                          "scale" : 1,
                          "position" : {
                            "pointX" : 512,
                            "pointY" : 384
                          },
                          "width" : 1024,
                          "sublayerTransform" : [
                            1,
                            0,
                            0,
                            0,
                            0,
                            1,
                            0,
                            0,
                            0,
                            0,
                            1,
                            0,
                            0,
                            0,
                            0,
                            1
                          ],
                          "contentsRect" : {
                            "y" : 0,
                            "x" : 0,
                            "width" : 1,
                            "height" : 1
                          },
                          "opacity" : 1,
                          "edgeAntialiasingMask" : 0,
                          "height" : 768,
                          "hidden" : false,
                          "anchorPoint" : {
                            "pointX" : 0.5,
                            "pointY" : 0.5
                          }
                        },
                        "texture" : "FF56EE91B6B7BAC4E317D3FACC75291A"
                      }
                    ]
                  }
                ]
              },
              {
                "animations" : [
                  {
                    "timeOffset" : 0,
                    "beginTime" : 0,
                    "repeatCount" : 0,
                    "animations" : [
                      {
                        "timeOffset" : 0,
                        "from" : {
                          "scalar" : 0.001
                        },
                        "beginTime" : 0,
                        "repeatCount" : 0,
                        "fillMode" : "both",
                        "duration" : 2,
                        "autoreverses" : false,
                        "timingFunction" : "EaseInEaseOut",
                        "property" : "zPosition",
                        "to" : {
                          "scalar" : 0.001
                        }
                      }
                    ],
                    "fillMode" : "both",
                    "autoreverses" : false,
                    "duration" : 2
                  }
                ],
                "initialState" : {
                  "affineTransform" : [
                    1,
                    0,
                    0,
                    1,
                    0,
                    0
                  ],
                  "masksToBounds" : false,
                  "rotation" : 0,
                  "scale" : 1,
                  "position" : {
                    "pointX" : 518.640625,
                    "pointY" : 312.140625
                  },
                  "width" : 968.40625,
                  "sublayerTransform" : [
                    1,
                    0,
                    0,
                    0,
                    0,
                    1,
                    0,
                    0,
                    0,
                    0,
                    1,
                    0,
                    0,
                    0,
                    0,
                    1
                  ],
                  "contentsRect" : {
                    "y" : 0,
                    "x" : 0,
                    "width" : 1,
                    "height" : 1
                  },
                  "opacity" : 1,
                  "edgeAntialiasingMask" : 251658240,
                  "height" : 546.28125,
                  "hidden" : false,
                  "anchorPoint" : {
                    "pointX" : 0.5,
                    "pointY" : 0.5
                  }
                },
                "layers" : [
                  {
                    "animations" : [
                      {
                        "timeOffset" : 0,
                        "beginTime" : 0,
                        "repeatCount" : 0,
                        "animations" : [
                          {
                            "timeOffset" : 0,
                            "from" : {
                              "scalar" : 1
                            },
                            "beginTime" : 0,
                            "repeatCount" : 0,
                            "fillMode" : "both",
                            "duration" : 2,
                            "autoreverses" : false,
                            "timingFunction" : "EaseInEaseOut",
                            "property" : "transform.scale.x",
                            "to" : {
                              "scalar" : 0.48609680741503603
                            }
                          },
                          {
                            "timeOffset" : 0,
                            "from" : {
                              "scalar" : 1
                            },
                            "beginTime" : 0,
                            "repeatCount" : 0,
                            "fillMode" : "both",
                            "duration" : 2,
                            "autoreverses" : false,
                            "timingFunction" : "EaseInEaseOut",
                            "property" : "transform.scale.y",
                            "to" : {
                              "scalar" : 0.76138433515482695
                            }
                          },
                          {
                            "timeOffset" : 0,
                            "from" : {
                              "texture" : "068C4E37265DE1BA081D1EA5A8034485"
                            },
                            "beginTime" : 0,
                            "repeatCount" : 0,
                            "fillMode" : "both",
                            "duration" : 2,
                            "autoreverses" : false,
                            "timingFunction" : "EaseInEaseOut",
                            "property" : "contents",
                            "to" : {
                              "texture" : "FCF867767C06A749861CE1509732D262"
                            }
                          },
                          {
                            "timeOffset" : 0,
                            "from" : {
                              "pointX" : 0,
                              "pointY" : 0
                            },
                            "beginTime" : 0,
                            "repeatCount" : 0,
                            "fillMode" : "both",
                            "duration" : 2,
                            "autoreverses" : false,
                            "timingFunction" : "EaseInEaseOut",
                            "property" : "transform.translation",
                            "to" : {
                              "pointX" : 230.43059887539835,
                              "pointY" : 150.58659444986989
                            }
                          }
                        ],
                        "fillMode" : "both",
                        "autoreverses" : false,
                        "duration" : 2
                      }
                    ],
                    "layers" : [

                    ],
                    "texturedRectangle" : {
                      "isBackgroundTexture" : true,
                      "singleTextureOpacity" : 1,
                      "textureType" : 5,
                      "textBaseline" : 0,
                      "textXHeight" : 0,
                      "isVerticalText" : false
                    },
                    "initialState" : {
                      "affineTransform" : [
                        1,
                        0,
                        0,
                        1,
                        0,
                        0
                      ],
                      "masksToBounds" : false,
                      "rotation" : 0,
                      "scale" : 1,
                      "position" : {
                        "pointX" : 484.19754707813263,
                        "pointY" : 273.13709654214836
                      },
                      "width" : 971,
                      "sublayerTransform" : [
                        1,
                        0,
                        0,
                        0,
                        0,
                        1,
                        0,
                        0,
                        0,
                        0,
                        1,
                        0,
                        0,
                        0,
                        0,
                        1
                      ],
                      "contentsRect" : {
                        "y" : 0,
                        "x" : 0,
                        "width" : 1,
                        "height" : 1
                      },
                      "opacity" : 1,
                      "edgeAntialiasingMask" : 0,
                      "height" : 549,
                      "hidden" : false,
                      "anchorPoint" : {
                        "pointX" : 0.50013908041002331,
                        "pointY" : 0.49933897366511543
                      }
                    },
                    "texture" : "068C4E37265DE1BA081D1EA5A8034485"
                  }
                ]
              },
              {
                "animations" : [
                  {
                    "timeOffset" : 0,
                    "beginTime" : 0,
                    "repeatCount" : 0,
                    "animations" : [
                      {
                        "timeOffset" : 0,
                        "from" : {
                          "scalar" : 0.002
                        },
                        "beginTime" : 0,
                        "repeatCount" : 0,
                        "fillMode" : "both",
                        "duration" : 2,
                        "autoreverses" : false,
                        "timingFunction" : "EaseInEaseOut",
                        "property" : "zPosition",
                        "to" : {
                          "scalar" : 0.002
                        }
                      }
                    ],
                    "fillMode" : "both",
                    "autoreverses" : false,
                    "duration" : 2
                  }
                ],
                "initialState" : {
                  "affineTransform" : [
                    1,
                    0,
                    0,
                    1,
                    0,
                    0
                  ],
                  "masksToBounds" : false,
                  "rotation" : 0,
                  "scale" : 1,
                  "position" : {
                    "pointX" : 512,
                    "pointY" : 662.5
                  },
                  "width" : 824,
                  "sublayerTransform" : [
                    1,
                    0,
                    0,
                    0,
                    0,
                    1,
                    0,
                    0,
                    0,
                    0,
                    1,
                    0,
                    0,
                    0,
                    0,
                    1
                  ],
                  "contentsRect" : {
                    "y" : 0,
                    "x" : 0,
                    "width" : 1,
                    "height" : 1
                  },
                  "opacity" : 1,
                  "edgeAntialiasingMask" : 251658240,
                  "height" : 101,
                  "hidden" : false,
                  "anchorPoint" : {
                    "pointX" : 0.5,
                    "pointY" : 0.5
                  }
                },
                "layers" : [
                  {
                    "animations" : [
                      {
                        "timeOffset" : 0,
                        "beginTime" : 0,
                        "repeatCount" : 0,
                        "animations" : [
                          {
                            "timeOffset" : 0,
                            "from" : {
                              "scalar" : 1
                            },
                            "beginTime" : 0,
                            "repeatCount" : 0,
                            "fillMode" : "forwards",
                            "duration" : 0.66659999999999997,
                            "autoreverses" : false,
                            "timingFunction" : "EaseInEaseOut",
                            "property" : "opacity",
                            "to" : {
                              "scalar" : 0
                            }
                          },
                          {
                            "timeOffset" : 0,
                            "from" : {
                              "scalar" : true
                            },
                            "beginTime" : 0.66659999999999997,
                            "repeatCount" : 0,
                            "fillMode" : "forwards",
                            "property" : "hidden",
                            "autoreverses" : false,
                            "duration" : 1.3334000000000001,
                            "to" : {
                              "scalar" : true
                            }
                          }
                        ],
                        "fillMode" : "both",
                        "autoreverses" : false,
                        "duration" : 2
                      }
                    ],
                    "layers" : [

                    ],
                    "texturedRectangle" : {
                      "singleTextureOpacity" : 1,
                      "textXHeight" : 0.61622936320754718,
                      "textBaseline" : 0.95931603773584906,
                      "isBackgroundTexture" : true,
                      "isVerticalText" : false,
                      "textColor" : [
                        0.32404273748397827,
                        0.32408297061920166,
                        0.32401949167251587,
                        1
                      ],
                      "textureType" : 6
                    },
                    "initialState" : {
                      "affineTransform" : [
                        1,
                        0,
                        0,
                        1,
                        0,
                        0
                      ],
                      "masksToBounds" : false,
                      "rotation" : 0,
                      "scale" : 1,
                      "position" : {
                        "pointX" : 412,
                        "pointY" : 50.5
                      },
                      "width" : 475,
                      "sublayerTransform" : [
                        1,
                        0,
                        0,
                        0,
                        0,
                        1,
                        0,
                        0,
                        0,
                        0,
                        1,
                        0,
                        0,
                        0,
                        0,
                        1
                      ],
                      "contentsRect" : {
                        "y" : 0,
                        "x" : 0,
                        "width" : 1,
                        "height" : 1
                      },
                      "opacity" : 1,
                      "edgeAntialiasingMask" : 0,
                      "height" : 53,
                      "hidden" : false,
                      "anchorPoint" : {
                        "pointX" : 0.49263157894736842,
                        "pointY" : 0.5
                      }
                    },
                    "texture" : "06CA5B72B0D7583A10C2568527B540A1"
                  }
                ]
              },
              {
                "animations" : [
                  {
                    "timeOffset" : 0,
                    "beginTime" : 0,
                    "repeatCount" : 0,
                    "animations" : [
                      {
                        "timeOffset" : 0,
                        "from" : {
                          "scalar" : 0.0030000000000000001
                        },
                        "beginTime" : 0,
                        "repeatCount" : 0,
                        "fillMode" : "both",
                        "duration" : 2,
                        "autoreverses" : false,
                        "timingFunction" : "EaseInEaseOut",
                        "property" : "zPosition",
                        "to" : {
                          "scalar" : 0.0030000000000000001
                        }
                      }
                    ],
                    "fillMode" : "both",
                    "autoreverses" : false,
                    "duration" : 2
                  }
                ],
                "initialState" : {
                  "affineTransform" : [
                    1,
                    0,
                    0,
                    1,
                    0,
                    0
                  ],
                  "masksToBounds" : false,
                  "rotation" : 0,
                  "scale" : 1,
                  "position" : {
                    "pointX" : 512,
                    "pointY" : 116
                  },
                  "width" : 968,
                  "sublayerTransform" : [
                    1,
                    0,
                    0,
                    0,
                    0,
                    1,
                    0,
                    0,
                    0,
                    0,
                    1,
                    0,
                    0,
                    0,
                    0,
                    1
                  ],
                  "contentsRect" : {
                    "y" : 0,
                    "x" : 0,
                    "width" : 1,
                    "height" : 1
                  },
                  "opacity" : 1,
                  "edgeAntialiasingMask" : 251658240,
                  "height" : 192,
                  "hidden" : false,
                  "anchorPoint" : {
                    "pointX" : 0.5,
                    "pointY" : 0.5
                  }
                },
                "layers" : [
                  {
                    "animations" : [
                      {
                        "timeOffset" : 0,
                        "beginTime" : 0,
                        "repeatCount" : 0,
                        "animations" : [
                          {
                            "timeOffset" : 0,
                            "from" : {
                              "scalar" : 0
                            },
                            "beginTime" : 1.3334000000000001,
                            "repeatCount" : 0,
                            "fillMode" : "both",
                            "duration" : 0.66659999999999997,
                            "autoreverses" : false,
                            "timingFunction" : "EaseInEaseOut",
                            "property" : "opacity",
                            "to" : {
                              "scalar" : 1
                            }
                          },
                          {
                            "timeOffset" : 0,
                            "from" : {
                              "scalar" : false
                            },
                            "beginTime" : 1.3334000000000001,
                            "repeatCount" : 0,
                            "fillMode" : "forwards",
                            "property" : "hidden",
                            "autoreverses" : false,
                            "duration" : 0.66659999999999986,
                            "to" : {
                              "scalar" : false
                            }
                          }
                        ],
                        "fillMode" : "both",
                        "autoreverses" : false,
                        "duration" : 2
                      }
                    ],
                    "layers" : [

                    ],
                    "texturedRectangle" : {
                      "singleTextureOpacity" : 1,
                      "textXHeight" : 0.61622936320754718,
                      "textBaseline" : 0.95931603773584906,
                      "isBackgroundTexture" : true,
                      "isVerticalText" : false,
                      "textColor" : [
                        0.32404273748397827,
                        0.32408297061920166,
                        0.32401949167251587,
                        1
                      ],
                      "textureType" : 6
                    },
                    "initialState" : {
                      "affineTransform" : [
                        1,
                        0,
                        0,
                        1,
                        0,
                        0
                      ],
                      "masksToBounds" : false,
                      "rotation" : 0,
                      "scale" : 1,
                      "position" : {
                        "pointX" : 484,
                        "pointY" : 96
                      },
                      "width" : 475,
                      "sublayerTransform" : [
                        1,
                        0,
                        0,
                        0,
                        0,
                        1,
                        0,
                        0,
                        0,
                        0,
                        1,
                        0,
                        0,
                        0,
                        0,
                        1
                      ],
                      "contentsRect" : {
                        "y" : 0,
                        "x" : 0,
                        "width" : 1,
                        "height" : 1
                      },
                      "opacity" : 1,
                      "edgeAntialiasingMask" : 0,
                      "height" : 53,
                      "hidden" : true,
                      "anchorPoint" : {
                        "pointX" : 0.49263157894736842,
                        "pointY" : 0.50943396226415094
                      }
                    },
                    "texture" : "06CA5B72B0D7583A10C2568527B540A1"
                  }
                ]
              }
            ]
          },
          "effects" : [

          ],
          "duration" : 2,
          "type" : "transition",
          "name" : "apple:magic-move-implied-motion-path",
          "objectID" : "0"
        }
      ],
      "automaticPlay" : false,
      "hyperlinks" : [

      ],
      "accessibility" : [
        {
          "text" : "Large Motor",
          "targetRectangle" : {
            "y" : 622,
            "x" : 273.67578125,
            "width" : 476.6484375,
            "height" : 82
          }
        },
        {
          "text" : "45502_713x380_MainProduct.png",
          "targetRectangle" : {
            "y" : 39,
            "x" : 34.4375,
            "width" : 968.40625,
            "height" : 546.28125
          }
        }
      ],
      "baseLayer" : {
        "animations" : [

        ],
        "initialState" : {
          "affineTransform" : [
            1,
            0,
            0,
            1,
            0,
            0
          ],
          "masksToBounds" : false,
          "rotation" : 0,
          "scale" : 1,
          "position" : {
            "pointX" : 512,
            "pointY" : 384
          },
          "width" : 1024,
          "sublayerTransform" : [
            1,
            0,
            0,
            0,
            0,
            1,
            0,
            0,
            0,
            0,
            1,
            0,
            0,
            0,
            0,
            1
          ],
          "contentsRect" : {
            "y" : 0,
            "x" : 0,
            "width" : 1,
            "height" : 1
          },
          "opacity" : 1,
          "edgeAntialiasingMask" : 251658240,
          "height" : 768,
          "hidden" : false,
          "anchorPoint" : {
            "pointX" : 0.5,
            "pointY" : 0.5
          }
        },
        "objectID" : "0",
        "layers" : [
          {
            "animations" : [

            ],
            "initialState" : {
              "affineTransform" : [
                1,
                0,
                0,
                1,
                0,
                0
              ],
              "masksToBounds" : false,
              "rotation" : 0,
              "scale" : 1,
              "position" : {
                "pointX" : 512,
                "pointY" : 384
              },
              "width" : 1024,
              "sublayerTransform" : [
                1,
                0,
                0,
                0,
                0,
                1,
                0,
                0,
                0,
                0,
                1,
                0,
                0,
                0,
                0,
                1
              ],
              "contentsRect" : {
                "y" : 0,
                "x" : 0,
                "width" : 1,
                "height" : 1
              },
              "opacity" : 1,
              "edgeAntialiasingMask" : 251658240,
              "height" : 768,
              "hidden" : false,
              "anchorPoint" : {
                "pointX" : 0.5,
                "pointY" : 0.5
              }
            },
            "layers" : [
              {
                "animations" : [

                ],
                "initialState" : {
                  "affineTransform" : [
                    1,
                    0,
                    0,
                    1,
                    0,
                    0
                  ],
                  "masksToBounds" : false,
                  "rotation" : 0,
                  "scale" : 1,
                  "position" : {
                    "pointX" : 512,
                    "pointY" : 384
                  },
                  "width" : 1024,
                  "sublayerTransform" : [
                    1,
                    0,
                    0,
                    0,
                    0,
                    1,
                    0,
                    0,
                    0,
                    0,
                    1,
                    0,
                    0,
                    0,
                    0,
                    1
                  ],
                  "contentsRect" : {
                    "y" : 0,
                    "x" : 0,
                    "width" : 1,
                    "height" : 1
                  },
                  "opacity" : 1,
                  "edgeAntialiasingMask" : 251658240,
                  "height" : 768,
                  "hidden" : false,
                  "anchorPoint" : {
                    "pointX" : 0.5,
                    "pointY" : 0.5
                  }
                },
                "layers" : [
                  {
                    "animations" : [

                    ],
                    "layers" : [

                    ],
                    "texturedRectangle" : {
                      "isBackgroundTexture" : true,
                      "singleTextureOpacity" : 1,
                      "textureType" : 1,
                      "textBaseline" : 0,
                      "textXHeight" : 0,
                      "isVerticalText" : false
                    },
                    "initialState" : {
                      "affineTransform" : [
                        1,
                        0,
                        0,
                        1,
                        0,
                        0
                      ],
                      "masksToBounds" : false,
                      "rotation" : 0,
                      "scale" : 1,
                      "position" : {
                        "pointX" : 512,
                        "pointY" : 384
                      },
                      "width" : 1024,
                      "sublayerTransform" : [
                        1,
                        0,
                        0,
                        0,
                        0,
                        1,
                        0,
                        0,
                        0,
                        0,
                        1,
                        0,
                        0,
                        0,
                        0,
                        1
                      ],
                      "contentsRect" : {
                        "y" : 0,
                        "x" : 0,
                        "width" : 1,
                        "height" : 1
                      },
                      "opacity" : 1,
                      "edgeAntialiasingMask" : 0,
                      "height" : 768,
                      "hidden" : false,
                      "anchorPoint" : {
                        "pointX" : 0.5,
                        "pointY" : 0.5
                      }
                    },
                    "texture" : "FF56EE91B6B7BAC4E317D3FACC75291A"
                  }
                ]
              }
            ]
          },
          {
            "animations" : [

            ],
            "initialState" : {
              "affineTransform" : [
                1,
                0,
                0,
                1,
                0,
                0
              ],
              "masksToBounds" : false,
              "rotation" : 0,
              "scale" : 1,
              "position" : {
                "pointX" : 512,
                "pointY" : 384
              },
              "width" : 1024,
              "sublayerTransform" : [
                1,
                0,
                0,
                0,
                0,
                1,
                0,
                0,
                0,
                0,
                1,
                0,
                0,
                0,
                0,
                1
              ],
              "contentsRect" : {
                "y" : 0,
                "x" : 0,
                "width" : 1,
                "height" : 1
              },
              "opacity" : 1,
              "edgeAntialiasingMask" : 251658240,
              "height" : 768,
              "hidden" : false,
              "anchorPoint" : {
                "pointX" : 0.5,
                "pointY" : 0.5
              }
            },
            "layers" : [
              {
                "animations" : [

                ],
                "initialState" : {
                  "affineTransform" : [
                    1,
                    0,
                    0,
                    1,
                    0,
                    0
                  ],
                  "masksToBounds" : false,
                  "rotation" : 0,
                  "scale" : 1,
                  "position" : {
                    "pointX" : 519.9375,
                    "pointY" : 313.5
                  },
                  "width" : 971,
                  "sublayerTransform" : [
                    1,
                    0,
                    0,
                    0,
                    0,
                    1,
                    0,
                    0,
                    0,
                    0,
                    1,
                    0,
                    0,
                    0,
                    0,
                    1
                  ],
                  "contentsRect" : {
                    "y" : 0,
                    "x" : 0,
                    "width" : 1,
                    "height" : 1
                  },
                  "opacity" : 1,
                  "edgeAntialiasingMask" : 251658240,
                  "height" : 549,
                  "hidden" : false,
                  "anchorPoint" : {
                    "pointX" : 0.5,
                    "pointY" : 0.5
                  }
                },
                "layers" : [
                  {
                    "animations" : [

                    ],
                    "layers" : [

                    ],
                    "texturedRectangle" : {
                      "isBackgroundTexture" : true,
                      "singleTextureOpacity" : 1,
                      "textureType" : 5,
                      "textBaseline" : 0,
                      "textXHeight" : 0,
                      "isVerticalText" : false
                    },
                    "initialState" : {
                      "affineTransform" : [
                        1,
                        0,
                        0,
                        1,
                        0,
                        0
                      ],
                      "masksToBounds" : false,
                      "rotation" : 0,
                      "scale" : 1,
                      "position" : {
                        "pointX" : 484.0625,
                        "pointY" : 273.5
                      },
                      "width" : 971,
                      "sublayerTransform" : [
                        1,
                        0,
                        0,
                        0,
                        0,
                        1,
                        0,
                        0,
                        0,
                        0,
                        1,
                        0,
                        0,
                        0,
                        0,
                        1
                      ],
                      "contentsRect" : {
                        "y" : 0,
                        "x" : 0,
                        "width" : 1,
                        "height" : 1
                      },
                      "opacity" : 1,
                      "edgeAntialiasingMask" : 0,
                      "height" : 549,
                      "hidden" : false,
                      "anchorPoint" : {
                        "pointX" : 0.5,
                        "pointY" : 0.5
                      }
                    },
                    "texture" : "068C4E37265DE1BA081D1EA5A8034485"
                  }
                ]
              }
            ]
          },
          {
            "animations" : [

            ],
            "initialState" : {
              "affineTransform" : [
                1,
                0,
                0,
                1,
                0,
                0
              ],
              "masksToBounds" : false,
              "rotation" : 0,
              "scale" : 1,
              "position" : {
                "pointX" : 512,
                "pointY" : 384
              },
              "width" : 1024,
              "sublayerTransform" : [
                1,
                0,
                0,
                0,
                0,
                1,
                0,
                0,
                0,
                0,
                1,
                0,
                0,
                0,
                0,
                1
              ],
              "contentsRect" : {
                "y" : 0,
                "x" : 0,
                "width" : 1,
                "height" : 1
              },
              "opacity" : 1,
              "edgeAntialiasingMask" : 251658240,
              "height" : 768,
              "hidden" : false,
              "anchorPoint" : {
                "pointX" : 0.5,
                "pointY" : 0.5
              }
            },
            "layers" : [
              {
                "animations" : [

                ],
                "initialState" : {
                  "affineTransform" : [
                    1,
                    0,
                    0,
                    1,
                    0,
                    0
                  ],
                  "masksToBounds" : false,
                  "rotation" : 0,
                  "scale" : 1,
                  "position" : {
                    "pointX" : 337.5,
                    "pointY" : 638.5
                  },
                  "width" : 475,
                  "sublayerTransform" : [
                    1,
                    0,
                    0,
                    0,
                    0,
                    1,
                    0,
                    0,
                    0,
                    0,
                    1,
                    0,
                    0,
                    0,
                    0,
                    1
                  ],
                  "contentsRect" : {
                    "y" : 0,
                    "x" : 0,
                    "width" : 1,
                    "height" : 1
                  },
                  "opacity" : 1,
                  "edgeAntialiasingMask" : 251658240,
                  "height" : 53,
                  "hidden" : false,
                  "anchorPoint" : {
                    "pointX" : 0.5,
                    "pointY" : 0.5
                  }
                },
                "layers" : [
                  {
                    "animations" : [

                    ],
                    "layers" : [

                    ],
                    "texturedRectangle" : {
                      "singleTextureOpacity" : 1,
                      "textXHeight" : 0.61622936320754718,
                      "textBaseline" : 0.95931603773584906,
                      "isBackgroundTexture" : true,
                      "isVerticalText" : false,
                      "textColor" : [
                        0.32404273748397827,
                        0.32408297061920166,
                        0.32401949167251587,
                        1
                      ],
                      "textureType" : 6
                    },
                    "initialState" : {
                      "affineTransform" : [
                        1,
                        0,
                        0,
                        1,
                        0,
                        0
                      ],
                      "masksToBounds" : false,
                      "rotation" : 0,
                      "scale" : 1,
                      "position" : {
                        "pointX" : 415.5,
                        "pointY" : 50.5
                      },
                      "width" : 475,
                      "sublayerTransform" : [
                        1,
                        0,
                        0,
                        0,
                        0,
                        1,
                        0,
                        0,
                        0,
                        0,
                        1,
                        0,
                        0,
                        0,
                        0,
                        1
                      ],
                      "contentsRect" : {
                        "y" : 0,
                        "x" : 0,
                        "width" : 1,
                        "height" : 1
                      },
                      "opacity" : 1,
                      "edgeAntialiasingMask" : 0,
                      "height" : 53,
                      "hidden" : false,
                      "anchorPoint" : {
                        "pointX" : 0.5,
                        "pointY" : 0.5
                      }
                    },
                    "texture" : "06CA5B72B0D7583A10C2568527B540A1"
                  }
                ]
              }
            ]
          }
        ]
      }
    }
  ]
}